tipo,valor
pearson,0.019490112056458793
spearman,-0.07064747875186095
