decada,runtime
1970.0,116.29508196721312
1980.0,110.64388489208633
1990.0,110.36632390745501
2000.0,105.43896484375
2010.0,104.03808864265928
